{
  "train_loss": [
    14.697671890258789,
    4.8058406710624695,
    3.9837488532066345,
    3.7210221886634827,
    3.636956036090851,
    3.552262604236603,
    3.5783841609954834,
    3.5377309918403625,
    3.558997392654419,
    3.537986993789673,
    3.540744364261627,
    3.472335159778595,
    3.437281370162964,
    3.4250240325927734,
    3.4350404143333435,
    3.361682891845703,
    3.3227336406707764,
    3.280099332332611,
    3.242727756500244,
    3.2492637038230896,
    3.166574239730835,
    3.1849111914634705,
    3.1401464343070984,
    3.1285197138786316,
    3.0921483039855957,
    3.1101887822151184,
    3.046174943447113,
    3.007145643234253,
    3.0085405111312866,
    2.968358814716339,
    2.97731876373291,
    2.988627552986145,
    2.961612820625305,
    2.9132264852523804,
    2.9253145456314087,
    2.896304666996002,
    2.8726277351379395,
    2.895814001560211,
    2.95135235786438,
    2.8592790961265564,
    2.809157371520996,
    2.7275248169898987,
    2.766534686088562,
    2.7587575912475586,
    2.766859233379364,
    2.807197391986847,
    2.710305690765381,
    2.817039132118225,
    2.758957862854004,
    2.7819855213165283,
    2.6268178820610046,
    2.6577624082565308,
    2.7267178297042847,
    2.6809457540512085,
    2.5431926250457764,
    2.5942150950431824,
    2.60213440656662,
    2.5759544372558594,
    2.575933337211609,
    2.407521069049835,
    2.3987021446228027,
    2.4477729201316833,
    2.4235156774520874,
    2.362729012966156,
    2.26478111743927,
    2.289102852344513,
    2.2659220695495605,
    2.198237955570221,
    2.1721076369285583,
    2.1447860300540924,
    2.1853142976760864,
    2.166682779788971,
    2.1347792744636536,
    2.13538920879364,
    2.146283268928528,
    2.103062629699707,
    2.0718860030174255,
    2.1106438636779785,
    2.117815315723419,
    2.050769954919815,
    1.9581555724143982,
    2.0275395810604095,
    1.9166404902935028,
    1.9590324461460114,
    1.8911176323890686,
    1.9039247930049896,
    2.004345953464508,
    1.9613749980926514,
    1.8480953574180603,
    1.8924188315868378,
    1.9190433323383331,
    1.9934519827365875,
    1.8017150461673737,
    1.8110786080360413,
    1.9140704274177551,
    1.875303953886032,
    1.7730611562728882,
    1.7629569470882416,
    1.744399517774582,
    1.801271378993988
  ],
  "val_loss": [
    7.441632986068726,
    4.077414274215698,
    3.7445632219314575,
    3.698959469795227,
    3.6583865880966187,
    3.6245079040527344,
    3.565142869949341,
    3.5821762084960938,
    3.5720343589782715,
    3.542242169380188,
    3.536517858505249,
    3.5033892393112183,
    3.4479256868362427,
    3.424307107925415,
    3.376633048057556,
    3.3424489498138428,
    3.3150994777679443,
    3.3312188386917114,
    3.3691710233688354,
    3.314548969268799,
    3.2639459371566772,
    3.209763765335083,
    3.192583918571472,
    3.169293522834778,
    3.2044854164123535,
    3.21872615814209,
    3.2177798748016357,
    3.168016791343689,
    3.1247836351394653,
    3.083839774131775,
    3.07905912399292,
    3.102416157722473,
    3.105500340461731,
    3.060073971748352,
    3.0300405025482178,
    3.016319751739502,
    3.0219229459762573,
    3.0615105628967285,
    3.0476800203323364,
    3.015440821647644,
    2.959079623222351,
    2.96340274810791,
    2.966928720474243,
    2.934340476989746,
    3.4408375024795532,
    3.5425246953964233,
    3.3794738054275513,
    2.847954511642456,
    2.855491876602173,
    2.8624614477157593,
    2.8321831226348877,
    3.1961309909820557,
    2.8113614320755005,
    2.831838369369507,
    2.7682392597198486,
    2.7078769207000732,
    2.6917001008987427,
    2.9699031114578247,
    3.339674234390259,
    3.9034088850021362,
    3.624696731567383,
    3.04483425617218,
    2.692810535430908,
    2.6312966346740723,
    2.503224492073059,
    2.4501579999923706,
    2.430406093597412,
    2.4008560180664062,
    2.3697690963745117,
    2.345948576927185,
    2.3327534198760986,
    2.368358850479126,
    2.551709294319153,
    2.6702245473861694,
    2.3289958238601685,
    2.2466195821762085,
    2.2672561407089233,
    2.4472121000289917,
    2.2297425270080566,
    2.2365015745162964,
    2.202505111694336,
    2.200496196746826,
    2.1689707040786743,
    2.1572964191436768,
    2.1428675651550293,
    2.143089771270752,
    2.1359585523605347,
    2.115329384803772,
    2.0754037499427795,
    2.0576865673065186,
    2.0842029452323914,
    2.066275656223297,
    2.0396103858947754,
    2.0200493335723877,
    2.0093743801116943,
    2.0020403265953064,
    2.0050511360168457,
    2.0027695894241333,
    1.9902710914611816,
    1.993410587310791
  ],
  "val_cer": [
    100.0,
    100.0,
    100.0,
    100.0,
    100.0,
    100.0,
    100.0,
    100.0,
    100.0,
    100.0,
    100.0,
    100.0,
    100.0,
    100.0,
    100.0,
    100.0,
    100.0,
    100.0,
    100.0,
    100.0,
    100.0,
    100.0,
    100.0,
    100.0,
    100.0,
    100.0,
    100.0,
    100.0,
    100.0,
    99.7624703087886,
    96.91211401425178,
    96.91211401425178,
    100.0,
    96.91211401425178,
    96.91211401425178,
    96.91211401425178,
    95.72446555819477,
    98.812351543943,
    98.812351543943,
    97.38717339667458,
    94.29928741092637,
    95.72446555819477,
    95.72446555819477,
    95.72446555819477,
    94.29928741092637,
    94.77434679334917,
    94.29928741092637,
    93.82422802850357,
    93.34916864608076,
    93.82422802850357,
    93.34916864608076,
    92.63657957244655,
    93.11163895486936,
    93.82422802850357,
    92.16152019002375,
    90.97387173396675,
    93.11163895486936,
    93.82422802850357,
    94.29928741092637,
    94.77434679334917,
    94.29928741092637,
    94.29928741092637,
    92.87410926365796,
    91.44893111638956,
    90.02375296912113,
    90.02375296912113,
    90.02375296912113,
    87.41092636579573,
    87.41092636579573,
    84.79809976247031,
    84.79809976247031,
    85.98574821852732,
    88.83610451306413,
    90.02375296912113,
    86.22327790973871,
    84.08551068883611,
    85.2731591448931,
    86.22327790973871,
    84.79809976247031,
    84.56057007125891,
    83.1353919239905,
    83.8479809976247,
    84.79809976247031,
    83.8479809976247,
    82.18527315914488,
    80.52256532066508,
    79.80997624703087,
    81.71021377672209,
    79.80997624703087,
    79.57244655581948,
    84.08551068883611,
    80.28503562945369,
    80.9976247030879,
    80.04750593824228,
    78.38479809976246,
    77.90973871733968,
    79.09738717339667,
    78.38479809976246,
    78.14726840855107,
    78.85985748218528
  ],
  "val_wer": [
    100.0,
    100.0,
    100.0,
    100.0,
    100.0,
    100.0,
    100.0,
    100.0,
    100.0,
    100.0,
    100.0,
    100.0,
    100.0,
    100.0,
    100.0,
    100.0,
    100.0,
    100.0,
    100.0,
    100.0,
    100.0,
    100.0,
    100.0,
    100.0,
    100.0,
    100.0,
    100.0,
    100.0,
    100.0,
    100.0,
    100.0,
    100.0,
    100.0,
    100.0,
    100.0,
    100.0,
    100.0,
    100.0,
    100.0,
    100.0,
    100.0,
    100.0,
    100.0,
    100.0,
    100.0,
    100.0,
    100.0,
    100.0,
    100.0,
    100.0,
    100.0,
    100.0,
    100.0,
    100.0,
    100.0,
    100.0,
    100.0,
    100.0,
    100.0,
    100.0,
    100.0,
    100.0,
    100.0,
    100.0,
    100.0,
    100.0,
    100.0,
    100.0,
    100.0,
    100.0,
    100.0,
    100.0,
    100.0,
    100.0,
    100.0,
    100.0,
    100.0,
    100.0,
    100.0,
    100.0,
    100.0,
    100.0,
    100.0,
    100.0,
    100.0,
    100.0,
    100.0,
    100.0,
    100.0,
    100.0,
    100.0,
    100.0,
    100.0,
    100.0,
    100.0,
    100.0,
    100.0,
    100.0,
    100.0,
    100.0
  ],